,Borough,Neighborhood,Neighborhood Latitude,Neighborhood Longitude,Venue,Venue Latitude,Venue Longitude,Venue Category
0,Manhattan,Marble Hill,40.87655077879968,-73.91065965862988,Spuyten Duyvil Crossfit,40.887847,-73.907061,Gym / Fitness Center
1,Manhattan,Chinatown,40.715618422314364,-73.99427936255985,Bowery CrossFit,40.71781226812158,-73.99262371362899,Gym
2,Manhattan,Chinatown,40.715618422314364,-73.99427936255985,CrossFit Union Square,40.73531390186451,-73.99186057541448,Gym / Fitness Center
3,Manhattan,Chinatown,40.715618422314364,-73.99427936255985,True North Training,40.71687709749549,-73.96593519191094,Gym
4,Manhattan,Chinatown,40.715618422314364,-73.99427936255985,CrossFit East River,40.7254434939673,-73.97846140631547,Gym / Fitness Center
5,Manhattan,Chinatown,40.715618422314364,-73.99427936255985,Brick New York,40.74150688612044,-74.0005285681433,Gym / Fitness Center
6,Manhattan,Chinatown,40.715618422314364,-73.99427936255985,Just Train,40.70947002162219,-74.00983963357307,Gym
7,Manhattan,Chinatown,40.715618422314364,-73.99427936255985,Reebok FitHub,40.73542,-73.99173,Shoe Store
8,Manhattan,Chinatown,40.715618422314364,-73.99427936255985,Dig Inn,40.737378630570696,-73.99113558901335,New American Restaurant
9,Manhattan,Washington Heights,40.85190252555309,-73.93690027985242,Crossfit Uws,40.84654529961183,-73.92514653387603,Athletics & Sports
10,Manhattan,Inwood,40.86768396449919,-73.92121042203905,Spuyten Duyvil Crossfit,40.887847,-73.907061,Gym / Fitness Center
11,Manhattan,Inwood,40.86768396449919,-73.92121042203905,Crossfit Uws,40.84654529961183,-73.92514653387603,Athletics & Sports
12,Manhattan,Hamilton Heights,40.82360428481197,-73.94968791883373,CrossFit Harlem - Afrobrutality Sports,40.817750147175666,-73.93775306423404,Gym
13,Manhattan,Hamilton Heights,40.82360428481197,-73.94968791883373,Harlem CrossFit,40.81719356788495,-73.93513753753648,Gym
14,Manhattan,Hamilton Heights,40.82360428481197,-73.94968791883373,Crossfit Concrete Jungle,40.808122,-73.930234,Gym / Fitness Center
15,Manhattan,Hamilton Heights,40.82360428481197,-73.94968791883373,CrossFit Equis,40.81975279405422,-73.92175018787384,Gym
16,Manhattan,Manhattanville,40.81693442949784,-73.95738539351888,CrossFit Harlem - Afrobrutality Sports,40.817750147175666,-73.93775306423404,Gym
17,Manhattan,Manhattanville,40.81693442949784,-73.95738539351888,Harlem CrossFit,40.81719356788495,-73.93513753753648,Gym
18,Manhattan,Manhattanville,40.81693442949784,-73.95738539351888,Crossfit Concrete Jungle,40.808122,-73.930234,Gym / Fitness Center
19,Manhattan,Central Harlem,40.81597606742418,-73.94321112603912,CrossFit SoBro (South Bronx),40.807106109371404,-73.91147735194403,Gym
20,Manhattan,Central Harlem,40.81597606742418,-73.94321112603912,CrossFit Harlem - Afrobrutality Sports,40.817750147175666,-73.93775306423404,Gym
21,Manhattan,Central Harlem,40.81597606742418,-73.94321112603912,Harlem CrossFit,40.81719356788495,-73.93513753753648,Gym
22,Manhattan,Central Harlem,40.81597606742418,-73.94321112603912,Crossfit Concrete Jungle,40.808122,-73.930234,Gym / Fitness Center
23,Manhattan,Central Harlem,40.81597606742418,-73.94321112603912,CrossFit Equis,40.81975279405422,-73.92175018787384,Gym
24,Manhattan,East Harlem,40.79224946663037,-73.94418223148531,Crossfit Metropolis,40.78820597637237,-73.94869510882322,Gym
25,Manhattan,East Harlem,40.79224946663037,-73.94418223148531,Crossfit Concrete Jungle,40.782758706068456,-73.94729157655303,Gym
26,Manhattan,East Harlem,40.79224946663037,-73.94418223148531,Crossfit Concrete Jungle,40.808122,-73.930234,Gym / Fitness Center
27,Manhattan,East Harlem,40.79224946663037,-73.94418223148531,CrossFit Harlem - Afrobrutality Sports,40.817750147175666,-73.93775306423404,Gym
28,Manhattan,East Harlem,40.79224946663037,-73.94418223148531,Harlem CrossFit,40.81719356788495,-73.93513753753648,Gym
29,Manhattan,Upper East Side,40.77563857330185,-73.96050763135007,Equinox Columbus Circle,40.76874192651226,-73.98214593908337,Gym
30,Manhattan,Upper East Side,40.77563857330185,-73.96050763135007,Crossfit NYC - Upper West Side,40.77441561462417,-73.98109653863574,Gym
31,Manhattan,Upper East Side,40.77563857330185,-73.96050763135007,Crossfit Metropolis,40.78820597637237,-73.94869510882322,Gym
32,Manhattan,Upper East Side,40.77563857330185,-73.96050763135007,Mercedes Club,40.76759458807264,-73.99207002674365,Gym / Fitness Center
33,Manhattan,Upper East Side,40.77563857330185,-73.96050763135007,Crossfit Concrete Jungle,40.782758706068456,-73.94729157655303,Gym
34,Manhattan,Upper East Side,40.77563857330185,-73.96050763135007,CrossFit SPOT,40.77215092116481,-73.98610786931728,Gym / Fitness Center
35,Manhattan,Upper East Side,40.77563857330185,-73.96050763135007,EVF Columbus Circle,40.77150979949672,-73.98973676700084,Recreation Center
36,Manhattan,Upper East Side,40.77563857330185,-73.96050763135007,UWS CrossFit,40.77898642336577,-73.98508910271165,Athletics & Sports
37,Manhattan,Yorkville,40.77592984988492,-73.94711784471833,Crossfit Concrete Jungle,40.782758706068456,-73.94729157655303,Gym
38,Manhattan,Yorkville,40.77592984988492,-73.94711784471833,Crossfit Metropolis,40.78820597637237,-73.94869510882322,Gym
39,Manhattan,Yorkville,40.77592984988492,-73.94711784471833,CrossFit LIC - Noskov Fitness,40.74979439698375,-73.94735552127253,Gym
40,Manhattan,Yorkville,40.77592984988492,-73.94711784471833,CrossFit Queens,40.76940404539832,-73.91897736979166,Gym
41,Manhattan,Yorkville,40.77592984988492,-73.94711784471833,Crossfit NYC - Upper West Side,40.77441561462417,-73.98109653863574,Gym
42,Manhattan,Yorkville,40.77592984988492,-73.94711784471833,New York Sports Clubs,40.76426352155887,-73.91563699810902,Gym / Fitness Center
43,Manhattan,Yorkville,40.77592984988492,-73.94711784471833,CrossFit Bell/Bayside Barbell,40.753070194034606,-73.9293165129859,Gym
44,Manhattan,Yorkville,40.77592984988492,-73.94711784471833,Loupakis Fitness Center,40.767359,-73.921045,Gym
45,Manhattan,Yorkville,40.77592984988492,-73.94711784471833,Crossfit Dutch Kills,40.753802,-73.932102,Gym / Fitness Center
46,Manhattan,Lenox Hill,40.76811265828737,-73.95885968813766,CrossFit Gantry,40.74612457212019,-73.9522352960643,Gym / Fitness Center
47,Manhattan,Lenox Hill,40.76811265828737,-73.95885968813766,CrossFit LIC - Noskov Fitness,40.74979439698375,-73.94735552127253,Gym
48,Manhattan,Lenox Hill,40.76811265828737,-73.95885968813766,Equinox Columbus Circle,40.76874192651226,-73.98214593908337,Gym
49,Manhattan,Lenox Hill,40.76811265828737,-73.95885968813766,Crossfit NYC - Upper West Side,40.77441561462417,-73.98109653863574,Gym
50,Manhattan,Lenox Hill,40.76811265828737,-73.95885968813766,NEO FIFTH,40.750530813681124,-73.98329206512332,Gym
51,Manhattan,Lenox Hill,40.76811265828737,-73.95885968813766,Mercedes Club,40.76759458807264,-73.99207002674365,Gym / Fitness Center
52,Manhattan,Lenox Hill,40.76811265828737,-73.95885968813766,CrossFit SPOT,40.77215092116481,-73.98610786931728,Gym / Fitness Center
53,Manhattan,Lenox Hill,40.76811265828737,-73.95885968813766,Crossfit Metropolis,40.78820597637237,-73.94869510882322,Gym
54,Manhattan,Lenox Hill,40.76811265828737,-73.95885968813766,Crossfit Concrete Jungle,40.782758706068456,-73.94729157655303,Gym
55,Manhattan,Lenox Hill,40.76811265828737,-73.95885968813766,EVF Columbus Circle,40.77150979949672,-73.98973676700084,Recreation Center
56,Manhattan,Lenox Hill,40.76811265828737,-73.95885968813766,Reebok FitHub,40.75075696,-73.98324847,Shoe Store
57,Manhattan,Lenox Hill,40.76811265828737,-73.95885968813766,CrossFit Bell/Bayside Barbell,40.753070194034606,-73.9293165129859,Gym
58,Manhattan,Lenox Hill,40.76811265828737,-73.95885968813766,Mid-City Gym & Tanning,40.75810868499696,-73.9917226956553,Gym
59,Manhattan,Lenox Hill,40.76811265828737,-73.95885968813766,Crossfit Dutch Kills,40.753802,-73.932102,Gym / Fitness Center
60,Manhattan,Lenox Hill,40.76811265828737,-73.95885968813766,UWS CrossFit,40.77898642336577,-73.98508910271165,Athletics & Sports
61,Manhattan,Lenox Hill,40.76811265828737,-73.95885968813766,Crossfit Fifth Ave,40.750642,-73.983243,Gym
62,Manhattan,Roosevelt Island,40.762403730702246,-73.9494705736962,CrossFit Gantry,40.74612457212019,-73.9522352960643,Gym / Fitness Center
63,Manhattan,Roosevelt Island,40.762403730702246,-73.9494705736962,CrossFit LIC - Noskov Fitness,40.74979439698375,-73.94735552127253,Gym
64,Manhattan,Roosevelt Island,40.762403730702246,-73.9494705736962,Crossfit Greenpoint,40.73611274835637,-73.9519963753644,Gym / Fitness Center
65,Manhattan,Roosevelt Island,40.762403730702246,-73.9494705736962,Equinox Columbus Circle,40.76874192651226,-73.98214593908337,Gym
66,Manhattan,Roosevelt Island,40.762403730702246,-73.9494705736962,CrossFit Queens,40.76940404539832,-73.91897736979166,Gym
67,Manhattan,Roosevelt Island,40.762403730702246,-73.9494705736962,CrossFit Bell/Bayside Barbell,40.753070194034606,-73.9293165129859,Gym
68,Manhattan,Roosevelt Island,40.762403730702246,-73.9494705736962,Crossfit NYC - Upper West Side,40.77441561462417,-73.98109653863574,Gym
69,Manhattan,Roosevelt Island,40.762403730702246,-73.9494705736962,Crossfit Concrete Jungle,40.782758706068456,-73.94729157655303,Gym
70,Manhattan,Roosevelt Island,40.762403730702246,-73.9494705736962,Crossfit Metropolis,40.78820597637237,-73.94869510882322,Gym
71,Manhattan,Roosevelt Island,40.762403730702246,-73.9494705736962,New York Sports Clubs,40.76426352155887,-73.91563699810902,Gym / Fitness Center
72,Manhattan,Roosevelt Island,40.762403730702246,-73.9494705736962,Crossfit Dutch Kills,40.753802,-73.932102,Gym / Fitness Center
73,Manhattan,Roosevelt Island,40.762403730702246,-73.9494705736962,Loupakis Fitness Center,40.767359,-73.921045,Gym
74,Manhattan,Upper West Side,40.7876579985349,-73.9770592363061,Crossfit NYC - Upper West Side,40.77441561462417,-73.98109653863574,Gym
75,Manhattan,Upper West Side,40.7876579985349,-73.9770592363061,Equinox Columbus Circle,40.76874192651226,-73.98214593908337,Gym
76,Manhattan,Upper West Side,40.7876579985349,-73.9770592363061,Mercedes Club,40.76759458807264,-73.99207002674365,Gym / Fitness Center
77,Manhattan,Upper West Side,40.7876579985349,-73.9770592363061,CrossFit SPOT,40.77215092116481,-73.98610786931728,Gym / Fitness Center
78,Manhattan,Upper West Side,40.7876579985349,-73.9770592363061,EVF Columbus Circle,40.77150979949672,-73.98973676700084,Recreation Center
79,Manhattan,Upper West Side,40.7876579985349,-73.9770592363061,Crossfit Metropolis,40.78820597637237,-73.94869510882322,Gym
80,Manhattan,Upper West Side,40.7876579985349,-73.9770592363061,Crossfit Concrete Jungle,40.782758706068456,-73.94729157655303,Gym
81,Manhattan,Upper West Side,40.7876579985349,-73.9770592363061,CrossFit Elite Core Fitness (ECF),40.791,-74.00847,Gym / Fitness Center
82,Manhattan,Upper West Side,40.7876579985349,-73.9770592363061,UWS CrossFit,40.77898642336577,-73.98508910271165,Athletics & Sports
83,Manhattan,Upper West Side,40.7876579985349,-73.9770592363061,elite core fitness crossfit,40.79197391248096,-74.00341108507929,Gym
84,Manhattan,Upper West Side,40.7876579985349,-73.9770592363061,Crossfit GIANT,40.805410752831214,-73.99173627158532,Gymnastics Gym
85,Manhattan,Lincoln Square,40.773528889421705,-73.9853377700127,Equinox Columbus Circle,40.76874192651226,-73.98214593908337,Gym
86,Manhattan,Lincoln Square,40.773528889421705,-73.9853377700127,Mercedes Club,40.76759458807264,-73.99207002674365,Gym / Fitness Center
87,Manhattan,Lincoln Square,40.773528889421705,-73.9853377700127,CrossFit SPOT,40.77215092116481,-73.98610786931728,Gym / Fitness Center
88,Manhattan,Lincoln Square,40.773528889421705,-73.9853377700127,Crossfit NYC - Upper West Side,40.77441561462417,-73.98109653863574,Gym
89,Manhattan,Lincoln Square,40.773528889421705,-73.9853377700127,EVF Columbus Circle,40.77150979949672,-73.98973676700084,Recreation Center
90,Manhattan,Lincoln Square,40.773528889421705,-73.9853377700127,NEO FIFTH,40.750530813681124,-73.98329206512332,Gym
91,Manhattan,Lincoln Square,40.773528889421705,-73.9853377700127,Crossfit Hell's Kitchen,40.75385542742043,-73.99338177687183,Gym
92,Manhattan,Lincoln Square,40.773528889421705,-73.9853377700127,Reebok FitHub,40.75075696,-73.98324847,Shoe Store
93,Manhattan,Lincoln Square,40.773528889421705,-73.9853377700127,Mid-City Gym & Tanning,40.75810868499696,-73.9917226956553,Gym
94,Manhattan,Lincoln Square,40.773528889421705,-73.9853377700127,CrossFit Elite Core Fitness (ECF),40.791,-74.00847,Gym / Fitness Center
95,Manhattan,Lincoln Square,40.773528889421705,-73.9853377700127,UWS CrossFit,40.77898642336577,-73.98508910271165,Athletics & Sports
96,Manhattan,Lincoln Square,40.773528889421705,-73.9853377700127,Crossfit Fifth Ave,40.750642,-73.983243,Gym
97,Manhattan,Lincoln Square,40.773528889421705,-73.9853377700127,elite core fitness crossfit,40.79197391248096,-74.00341108507929,Gym
98,Manhattan,Clinton,40.758333686906404,-73.99640768221386,CrossFit NYC,40.74589871935009,-73.99009029202607,Gym / Fitness Center
99,Manhattan,Clinton,40.758333686906404,-73.99640768221386,CrossFit Solace,40.74617150115289,-73.9831643795631,Gym / Fitness Center
100,Manhattan,Clinton,40.758333686906404,-73.99640768221386,Brick New York,40.74150688612044,-74.0005285681433,Gym / Fitness Center
101,Manhattan,Clinton,40.758333686906404,-73.99640768221386,Crossfit Hell's Kitchen,40.75385542742043,-73.99338177687183,Gym
102,Manhattan,Clinton,40.758333686906404,-73.99640768221386,Mercedes Club,40.76759458807264,-73.99207002674365,Gym / Fitness Center
103,Manhattan,Clinton,40.758333686906404,-73.99640768221386,NEO FIFTH,40.750530813681124,-73.98329206512332,Gym
104,Manhattan,Clinton,40.758333686906404,-73.99640768221386,CrossFit Union Square,40.73531390186451,-73.99186057541448,Gym / Fitness Center
105,Manhattan,Clinton,40.758333686906404,-73.99640768221386,"iLoveKickboxing - Chelsea, NY",40.74634,-73.9929,Gym
106,Manhattan,Clinton,40.758333686906404,-73.99640768221386,Equinox Columbus Circle,40.76874192651226,-73.98214593908337,Gym
107,Manhattan,Clinton,40.758333686906404,-73.99640768221386,Reebok FitHub,40.75075696,-73.98324847,Shoe Store
108,Manhattan,Clinton,40.758333686906404,-73.99640768221386,EVF Columbus Circle,40.77150979949672,-73.98973676700084,Recreation Center
109,Manhattan,Clinton,40.758333686906404,-73.99640768221386,Mid-City Gym & Tanning,40.75810868499696,-73.9917226956553,Gym
110,Manhattan,Clinton,40.758333686906404,-73.99640768221386,New York Sports Clubs,40.75388708737827,-74.02842933079228,Gym
111,Manhattan,Clinton,40.758333686906404,-73.99640768221386,Reebok FitHub,40.73542,-73.99173,Shoe Store
112,Manhattan,Clinton,40.758333686906404,-73.99640768221386,Dig Inn,40.737378630570696,-73.99113558901335,New American Restaurant
113,Manhattan,Midtown,40.75469110270627,-73.98166882730311,CrossFit Solace,40.74617150115289,-73.9831643795631,Gym / Fitness Center
114,Manhattan,Midtown,40.75469110270627,-73.98166882730311,CrossFit NYC,40.74589871935009,-73.99009029202607,Gym / Fitness Center
115,Manhattan,Midtown,40.75469110270627,-73.98166882730311,NEO FIFTH,40.750530813681124,-73.98329206512332,Gym
116,Manhattan,Midtown,40.75469110270627,-73.98166882730311,Brick New York,40.74150688612044,-74.0005285681433,Gym / Fitness Center
117,Manhattan,Midtown,40.75469110270627,-73.98166882730311,CrossFit Union Square,40.73531390186451,-73.99186057541448,Gym / Fitness Center
118,Manhattan,Midtown,40.75469110270627,-73.98166882730311,Crossfit Hell's Kitchen,40.75385542742043,-73.99338177687183,Gym
119,Manhattan,Midtown,40.75469110270627,-73.98166882730311,Reebok FitHub,40.75075696,-73.98324847,Shoe Store
120,Manhattan,Midtown,40.75469110270627,-73.98166882730311,"iLoveKickboxing - Chelsea, NY",40.74634,-73.9929,Gym
121,Manhattan,Midtown,40.75469110270627,-73.98166882730311,CrossFit Gantry,40.74612457212019,-73.9522352960643,Gym / Fitness Center
122,Manhattan,Midtown,40.75469110270627,-73.98166882730311,Mercedes Club,40.76759458807264,-73.99207002674365,Gym / Fitness Center
123,Manhattan,Midtown,40.75469110270627,-73.98166882730311,Equinox Columbus Circle,40.76874192651226,-73.98214593908337,Gym
124,Manhattan,Midtown,40.75469110270627,-73.98166882730311,EVF Columbus Circle,40.77150979949672,-73.98973676700084,Recreation Center
125,Manhattan,Midtown,40.75469110270627,-73.98166882730311,CrossFit LIC - Noskov Fitness,40.74979439698375,-73.94735552127253,Gym
126,Manhattan,Midtown,40.75469110270627,-73.98166882730311,Mid-City Gym & Tanning,40.75810868499696,-73.9917226956553,Gym
127,Manhattan,Midtown,40.75469110270627,-73.98166882730311,Reebok FitHub,40.73542,-73.99173,Shoe Store
128,Manhattan,Midtown,40.75469110270627,-73.98166882730311,Dig Inn,40.737378630570696,-73.99113558901335,New American Restaurant
129,Manhattan,Murray Hill,40.74830307725222,-73.97833207924134,CrossFit Solace,40.74617150115289,-73.9831643795631,Gym / Fitness Center
130,Manhattan,Murray Hill,40.74830307725222,-73.97833207924134,CrossFit NYC,40.74589871935009,-73.99009029202607,Gym / Fitness Center
131,Manhattan,Murray Hill,40.74830307725222,-73.97833207924134,NEO FIFTH,40.750530813681124,-73.98329206512332,Gym
132,Manhattan,Murray Hill,40.74830307725222,-73.97833207924134,CrossFit Union Square,40.73531390186451,-73.99186057541448,Gym / Fitness Center
133,Manhattan,Murray Hill,40.74830307725222,-73.97833207924134,Brick New York,40.74150688612044,-74.0005285681433,Gym / Fitness Center
134,Manhattan,Murray Hill,40.74830307725222,-73.97833207924134,CrossFit Gantry,40.74612457212019,-73.9522352960643,Gym / Fitness Center
135,Manhattan,Murray Hill,40.74830307725222,-73.97833207924134,"iLoveKickboxing - Chelsea, NY",40.74634,-73.9929,Gym
136,Manhattan,Murray Hill,40.74830307725222,-73.97833207924134,Reebok FitHub,40.75075696,-73.98324847,Shoe Store
137,Manhattan,Murray Hill,40.74830307725222,-73.97833207924134,Crossfit Hell's Kitchen,40.75385542742043,-73.99338177687183,Gym
138,Manhattan,Murray Hill,40.74830307725222,-73.97833207924134,CrossFit East River,40.7254434939673,-73.97846140631547,Gym / Fitness Center
139,Manhattan,Murray Hill,40.74830307725222,-73.97833207924134,Mercedes Club,40.76759458807264,-73.99207002674365,Gym / Fitness Center
140,Manhattan,Murray Hill,40.74830307725222,-73.97833207924134,Crossfit Greenpoint,40.73611274835637,-73.9519963753644,Gym / Fitness Center
141,Manhattan,Murray Hill,40.74830307725222,-73.97833207924134,Equinox Columbus Circle,40.76874192651226,-73.98214593908337,Gym
142,Manhattan,Murray Hill,40.74830307725222,-73.97833207924134,CrossFit LIC - Noskov Fitness,40.74979439698375,-73.94735552127253,Gym
143,Manhattan,Murray Hill,40.74830307725222,-73.97833207924134,EVF Columbus Circle,40.77150979949672,-73.98973676700084,Recreation Center
144,Manhattan,Murray Hill,40.74830307725222,-73.97833207924134,Mid-City Gym & Tanning,40.75810868499696,-73.9917226956553,Gym
145,Manhattan,Murray Hill,40.74830307725222,-73.97833207924134,Reebok FitHub,40.73542,-73.99173,Shoe Store
146,Manhattan,Murray Hill,40.74830307725222,-73.97833207924134,Dig Inn,40.737378630570696,-73.99113558901335,New American Restaurant
147,Manhattan,Chelsea,40.74403470674802,-74.0031163347282,Brick New York,40.74150688612044,-74.0005285681433,Gym / Fitness Center
148,Manhattan,Chelsea,40.74403470674802,-74.0031163347282,CrossFit NYC,40.74589871935009,-73.99009029202607,Gym / Fitness Center
149,Manhattan,Chelsea,40.74403470674802,-74.0031163347282,CrossFit Solace,40.74617150115289,-73.9831643795631,Gym / Fitness Center
150,Manhattan,Chelsea,40.74403470674802,-74.0031163347282,CrossFit Union Square,40.73531390186451,-73.99186057541448,Gym / Fitness Center
151,Manhattan,Chelsea,40.74403470674802,-74.0031163347282,"iLoveKickboxing - Chelsea, NY",40.74634,-73.9929,Gym
152,Manhattan,Chelsea,40.74403470674802,-74.0031163347282,Crossfit Hell's Kitchen,40.75385542742043,-73.99338177687183,Gym
153,Manhattan,Chelsea,40.74403470674802,-74.0031163347282,NEO FIFTH,40.750530813681124,-73.98329206512332,Gym
154,Manhattan,Chelsea,40.74403470674802,-74.0031163347282,CrossFit East River,40.7254434939673,-73.97846140631547,Gym / Fitness Center
155,Manhattan,Chelsea,40.74403470674802,-74.0031163347282,Mercedes Club,40.76759458807264,-73.99207002674365,Gym / Fitness Center
156,Manhattan,Chelsea,40.74403470674802,-74.0031163347282,Reebok FitHub,40.75075696,-73.98324847,Shoe Store
157,Manhattan,Chelsea,40.74403470674802,-74.0031163347282,New York Sports Clubs,40.75388708737827,-74.02842933079228,Gym
158,Manhattan,Chelsea,40.74403470674802,-74.0031163347282,Mid-City Gym & Tanning,40.75810868499696,-73.9917226956553,Gym
159,Manhattan,Chelsea,40.74403470674802,-74.0031163347282,Reebok FitHub,40.73542,-73.99173,Shoe Store
160,Manhattan,Chelsea,40.74403470674802,-74.0031163347282,Dig Inn,40.737378630570696,-73.99113558901335,New American Restaurant
161,Manhattan,Greenwich Village,40.72693288536132,-73.99991402945909,CrossFit Union Square,40.73531390186451,-73.99186057541448,Gym / Fitness Center
162,Manhattan,Greenwich Village,40.72693288536132,-73.99991402945909,Brick New York,40.74150688612044,-74.0005285681433,Gym / Fitness Center
163,Manhattan,Greenwich Village,40.72693288536132,-73.99991402945909,CrossFit NYC,40.74589871935009,-73.99009029202607,Gym / Fitness Center
164,Manhattan,Greenwich Village,40.72693288536132,-73.99991402945909,CrossFit Solace,40.74617150115289,-73.9831643795631,Gym / Fitness Center
165,Manhattan,Greenwich Village,40.72693288536132,-73.99991402945909,Bowery CrossFit,40.71781226812158,-73.99262371362899,Gym
166,Manhattan,Greenwich Village,40.72693288536132,-73.99991402945909,CrossFit East River,40.7254434939673,-73.97846140631547,Gym / Fitness Center
167,Manhattan,Greenwich Village,40.72693288536132,-73.99991402945909,"iLoveKickboxing - Chelsea, NY",40.74634,-73.9929,Gym
168,Manhattan,Greenwich Village,40.72693288536132,-73.99991402945909,NEO FIFTH,40.750530813681124,-73.98329206512332,Gym
169,Manhattan,Greenwich Village,40.72693288536132,-73.99991402945909,Just Train,40.70947002162219,-74.00983963357307,Gym
170,Manhattan,Greenwich Village,40.72693288536132,-73.99991402945909,Reebok FitHub,40.75075696,-73.98324847,Shoe Store
171,Manhattan,Greenwich Village,40.72693288536132,-73.99991402945909,Reebok FitHub,40.73542,-73.99173,Shoe Store
172,Manhattan,Greenwich Village,40.72693288536132,-73.99991402945909,Dig Inn,40.737378630570696,-73.99113558901335,New American Restaurant
173,Manhattan,East Village,40.72784677727029,-73.98222616506425,CrossFit Union Square,40.73531390186451,-73.99186057541448,Gym / Fitness Center
174,Manhattan,East Village,40.72784677727029,-73.98222616506425,CrossFit East River,40.7254434939673,-73.97846140631547,Gym / Fitness Center
175,Manhattan,East Village,40.72784677727029,-73.98222616506425,CrossFit Solace,40.74617150115289,-73.9831643795631,Gym / Fitness Center
176,Manhattan,East Village,40.72784677727029,-73.98222616506425,True North Training,40.71687709749549,-73.96593519191094,Gym
177,Manhattan,East Village,40.72784677727029,-73.98222616506425,CrossFit NYC,40.74589871935009,-73.99009029202607,Gym / Fitness Center
178,Manhattan,East Village,40.72784677727029,-73.98222616506425,Brick New York,40.74150688612044,-74.0005285681433,Gym / Fitness Center
179,Manhattan,East Village,40.72784677727029,-73.98222616506425,Bowery CrossFit,40.71781226812158,-73.99262371362899,Gym
180,Manhattan,East Village,40.72784677727029,-73.98222616506425,"iLoveKickboxing - Chelsea, NY",40.74634,-73.9929,Gym
181,Manhattan,East Village,40.72784677727029,-73.98222616506425,NEO FIFTH,40.750530813681124,-73.98329206512332,Gym
182,Manhattan,East Village,40.72784677727029,-73.98222616506425,Crossfit Greenpoint,40.73611274835637,-73.9519963753644,Gym / Fitness Center
183,Manhattan,East Village,40.72784677727029,-73.98222616506425,Reebok FitHub,40.75075696,-73.98324847,Shoe Store
184,Manhattan,East Village,40.72784677727029,-73.98222616506425,Reebok FitHub,40.73542,-73.99173,Shoe Store
185,Manhattan,East Village,40.72784677727029,-73.98222616506425,Dig Inn,40.737378630570696,-73.99113558901335,New American Restaurant
186,Manhattan,Lower East Side,40.71780674892769,-73.98089031999298,True North Training,40.71687709749549,-73.96593519191094,Gym
187,Manhattan,Lower East Side,40.71780674892769,-73.98089031999298,CrossFit East River,40.7254434939673,-73.97846140631547,Gym / Fitness Center
188,Manhattan,Lower East Side,40.71780674892769,-73.98089031999298,CrossFit Union Square,40.73531390186451,-73.99186057541448,Gym / Fitness Center
189,Manhattan,Lower East Side,40.71780674892769,-73.98089031999298,Bowery CrossFit,40.71781226812158,-73.99262371362899,Gym
190,Manhattan,Lower East Side,40.71780674892769,-73.98089031999298,CrossFit Dumbo,40.70355587265485,-73.98779136884086,Gym
191,Manhattan,Lower East Side,40.71780674892769,-73.98089031999298,Crossfit 212 NoHo,40.727048902963354,-73.99511692734373,Gym
192,Manhattan,Lower East Side,40.71780674892769,-73.98089031999298,CrossFit 212 TriBeCa,40.714537431170484,-74.00599852611592,Gym
193,Manhattan,Lower East Side,40.71780674892769,-73.98089031999298,CrossFit Virtuosity,40.719027924652224,-73.94800787522796,Gym
194,Manhattan,Lower East Side,40.71780674892769,-73.98089031999298,Crossfit 212,40.71805284050912,-74.00475220100614,Gym / Fitness Center
195,Manhattan,Lower East Side,40.71780674892769,-73.98089031999298,Crossfit Wall Street,40.70554386423745,-74.01213909064103,Gym
196,Manhattan,Lower East Side,40.71780674892769,-73.98089031999298,WillyB Crossfit,40.707827833118586,-73.94877866580192,Gym
197,Manhattan,Lower East Side,40.71780674892769,-73.98089031999298,Just Train,40.70947002162219,-74.00983963357307,Gym
198,Manhattan,Lower East Side,40.71780674892769,-73.98089031999298,CrossFit Outbreak,40.69755415417896,-73.96498985427989,Gym
199,Manhattan,Lower East Side,40.71780674892769,-73.98089031999298,Reebok FitHub,40.73542,-73.99173,Shoe Store
200,Manhattan,Lower East Side,40.71780674892769,-73.98089031999298,Crossfit Outbreak,40.710482,-73.966665,Gym
201,Manhattan,Lower East Side,40.71780674892769,-73.98089031999298,Dig Inn,40.737378630570696,-73.99113558901335,New American Restaurant
202,Manhattan,Lower East Side,40.71780674892769,-73.98089031999298,Oculus Crossfit,40.70977302010993,-74.0065501436561,Gym / Fitness Center
203,Manhattan,Lower East Side,40.71780674892769,-73.98089031999298,CrossFit Wall Street,40.70974343802443,-74.0065837982249,Gym / Fitness Center
204,Manhattan,Lower East Side,40.71780674892769,-73.98089031999298,Brooklyn CrossFit : West Street,40.7281508786577,-73.95868520245914,Gym
205,Manhattan,Lower East Side,40.71780674892769,-73.98089031999298,Crossfit USQ,40.739058209686924,-73.99303183011946,Gym
206,Manhattan,Lower East Side,40.71780674892769,-73.98089031999298,willyb crossfit,40.729464975491624,-73.95069073496587,Gym
207,Manhattan,Lower East Side,40.71780674892769,-73.98089031999298,Infighting Shape CrossFit,40.739764941796956,-73.99270471561262,Athletics & Sports
208,Manhattan,Tribeca,40.72152196744325,-74.01068328559094,CrossFit Union Square,40.73531390186451,-73.99186057541448,Gym / Fitness Center
209,Manhattan,Tribeca,40.72152196744325,-74.01068328559094,Brick New York,40.74150688612044,-74.0005285681433,Gym / Fitness Center
210,Manhattan,Tribeca,40.72152196744325,-74.01068328559094,Bowery CrossFit,40.71781226812158,-73.99262371362899,Gym
211,Manhattan,Tribeca,40.72152196744325,-74.01068328559094,CrossFit 212 TriBeCa,40.714537431170484,-74.00599852611592,Gym
212,Manhattan,Tribeca,40.72152196744325,-74.01068328559094,Crossfit 212,40.71805284050912,-74.00475220100614,Gym / Fitness Center
213,Manhattan,Tribeca,40.72152196744325,-74.01068328559094,CrossFit East River,40.7254434939673,-73.97846140631547,Gym / Fitness Center
214,Manhattan,Tribeca,40.72152196744325,-74.01068328559094,Crossfit 212 NoHo,40.727048902963354,-73.99511692734373,Gym
215,Manhattan,Tribeca,40.72152196744325,-74.01068328559094,Crossfit Wall Street,40.70554386423745,-74.01213909064103,Gym
216,Manhattan,Tribeca,40.72152196744325,-74.01068328559094,Just Train,40.70947002162219,-74.00983963357307,Gym
217,Manhattan,Tribeca,40.72152196744325,-74.01068328559094,CrossFit Dumbo,40.70355587265485,-73.98779136884086,Gym
218,Manhattan,Tribeca,40.72152196744325,-74.01068328559094,CrossFit Jersey City,40.71952448445311,-74.0438343566733,Gym
219,Manhattan,Tribeca,40.72152196744325,-74.01068328559094,Reebok FitHub,40.73542,-73.99173,Shoe Store
220,Manhattan,Tribeca,40.72152196744325,-74.01068328559094,Oculus Crossfit,40.70977302010993,-74.0065501436561,Gym / Fitness Center
221,Manhattan,Tribeca,40.72152196744325,-74.01068328559094,CrossFit Wall Street,40.70974343802443,-74.0065837982249,Gym / Fitness Center
222,Manhattan,Tribeca,40.72152196744325,-74.01068328559094,Dig Inn,40.737378630570696,-73.99113558901335,New American Restaurant
223,Manhattan,Tribeca,40.72152196744325,-74.01068328559094,CrossFit 212 FiDi,40.70370900153129,-74.01152898481944,Gym / Fitness Center
224,Manhattan,Tribeca,40.72152196744325,-74.01068328559094,150 Bay Crossfit,40.72122093221981,-74.03982170588807,Gym / Fitness Center
225,Manhattan,Tribeca,40.72152196744325,-74.01068328559094,Crossfit USQ,40.739058209686924,-73.99303183011946,Gym
226,Manhattan,Tribeca,40.72152196744325,-74.01068328559094,Hudson River Crossfit v4.0,40.737077144766324,-74.03640281712778,Gym / Fitness Center
227,Manhattan,Tribeca,40.72152196744325,-74.01068328559094,Infighting Shape CrossFit,40.739764941796956,-73.99270471561262,Athletics & Sports
228,Manhattan,Little Italy,40.71932379395911,-73.9973046720808,Bowery CrossFit,40.71781226812158,-73.99262371362899,Gym
229,Manhattan,Little Italy,40.71932379395911,-73.9973046720808,CrossFit Union Square,40.73531390186451,-73.99186057541448,Gym / Fitness Center
230,Manhattan,Little Italy,40.71932379395911,-73.9973046720808,Brick New York,40.74150688612044,-74.0005285681433,Gym / Fitness Center
231,Manhattan,Little Italy,40.71932379395911,-73.9973046720808,True North Training,40.71687709749549,-73.96593519191094,Gym
232,Manhattan,Little Italy,40.71932379395911,-73.9973046720808,CrossFit East River,40.7254434939673,-73.97846140631547,Gym / Fitness Center
233,Manhattan,Little Italy,40.71932379395911,-73.9973046720808,Just Train,40.70947002162219,-74.00983963357307,Gym
234,Manhattan,Little Italy,40.71932379395911,-73.9973046720808,Reebok FitHub,40.73542,-73.99173,Shoe Store
235,Manhattan,Little Italy,40.71932379395911,-73.9973046720808,Dig Inn,40.737378630570696,-73.99113558901335,New American Restaurant
236,Manhattan,Soho,40.72218384131798,-74.00065666959766,CrossFit Union Square,40.73531390186451,-73.99186057541448,Gym / Fitness Center
237,Manhattan,Soho,40.72218384131798,-74.00065666959766,Brick New York,40.74150688612044,-74.0005285681433,Gym / Fitness Center
238,Manhattan,Soho,40.72218384131798,-74.00065666959766,Bowery CrossFit,40.71781226812158,-73.99262371362899,Gym
239,Manhattan,Soho,40.72218384131798,-74.00065666959766,CrossFit NYC,40.74589871935009,-73.99009029202607,Gym / Fitness Center
240,Manhattan,Soho,40.72218384131798,-74.00065666959766,CrossFit East River,40.7254434939673,-73.97846140631547,Gym / Fitness Center
241,Manhattan,Soho,40.72218384131798,-74.00065666959766,True North Training,40.71687709749549,-73.96593519191094,Gym
242,Manhattan,Soho,40.72218384131798,-74.00065666959766,"iLoveKickboxing - Chelsea, NY",40.74634,-73.9929,Gym
243,Manhattan,Soho,40.72218384131798,-74.00065666959766,Just Train,40.70947002162219,-74.00983963357307,Gym
244,Manhattan,Soho,40.72218384131798,-74.00065666959766,Reebok FitHub,40.73542,-73.99173,Shoe Store
245,Manhattan,Soho,40.72218384131798,-74.00065666959766,Dig Inn,40.737378630570696,-73.99113558901335,New American Restaurant
246,Manhattan,West Village,40.734433935724375,-74.00617998126819,Brick New York,40.74150688612044,-74.0005285681433,Gym / Fitness Center
247,Manhattan,West Village,40.734433935724375,-74.00617998126819,CrossFit Union Square,40.73531390186451,-73.99186057541448,Gym / Fitness Center
248,Manhattan,West Village,40.734433935724375,-74.00617998126819,CrossFit NYC,40.74589871935009,-73.99009029202607,Gym / Fitness Center
249,Manhattan,West Village,40.734433935724375,-74.00617998126819,CrossFit Solace,40.74617150115289,-73.9831643795631,Gym / Fitness Center
250,Manhattan,West Village,40.734433935724375,-74.00617998126819,"iLoveKickboxing - Chelsea, NY",40.74634,-73.9929,Gym
251,Manhattan,West Village,40.734433935724375,-74.00617998126819,Bowery CrossFit,40.71781226812158,-73.99262371362899,Gym
252,Manhattan,West Village,40.734433935724375,-74.00617998126819,CrossFit East River,40.7254434939673,-73.97846140631547,Gym / Fitness Center
253,Manhattan,West Village,40.734433935724375,-74.00617998126819,NEO FIFTH,40.750530813681124,-73.98329206512332,Gym
254,Manhattan,West Village,40.734433935724375,-74.00617998126819,Crossfit Hell's Kitchen,40.75385542742043,-73.99338177687183,Gym
255,Manhattan,West Village,40.734433935724375,-74.00617998126819,Reebok FitHub,40.75075696,-73.98324847,Shoe Store
256,Manhattan,West Village,40.734433935724375,-74.00617998126819,New York Sports Clubs,40.75388708737827,-74.02842933079228,Gym
257,Manhattan,West Village,40.734433935724375,-74.00617998126819,Just Train,40.70947002162219,-74.00983963357307,Gym
258,Manhattan,West Village,40.734433935724375,-74.00617998126819,Mid-City Gym & Tanning,40.75810868499696,-73.9917226956553,Gym
259,Manhattan,West Village,40.734433935724375,-74.00617998126819,Reebok FitHub,40.73542,-73.99173,Shoe Store
260,Manhattan,West Village,40.734433935724375,-74.00617998126819,Dig Inn,40.737378630570696,-73.99113558901335,New American Restaurant
261,Manhattan,Manhattan Valley,40.7973070417029,-73.96428617740662,Crossfit Metropolis,40.78820597637237,-73.94869510882322,Gym
262,Manhattan,Manhattan Valley,40.7973070417029,-73.96428617740662,Crossfit NYC - Upper West Side,40.77441561462417,-73.98109653863574,Gym
263,Manhattan,Manhattan Valley,40.7973070417029,-73.96428617740662,Crossfit Concrete Jungle,40.782758706068456,-73.94729157655303,Gym
264,Manhattan,Manhattan Valley,40.7973070417029,-73.96428617740662,UWS CrossFit,40.77898642336577,-73.98508910271165,Athletics & Sports
265,Manhattan,Manhattan Valley,40.7973070417029,-73.96428617740662,Crossfit GIANT,40.805410752831214,-73.99173627158532,Gymnastics Gym
266,Manhattan,Morningside Heights,40.80799973816586,-73.96389627905339,Crossfit Metropolis,40.78820597637237,-73.94869510882322,Gym
267,Manhattan,Morningside Heights,40.80799973816586,-73.96389627905339,CrossFit Harlem - Afrobrutality Sports,40.817750147175666,-73.93775306423404,Gym
268,Manhattan,Morningside Heights,40.80799973816586,-73.96389627905339,Harlem CrossFit,40.81719356788495,-73.93513753753648,Gym
269,Manhattan,Morningside Heights,40.80799973816586,-73.96389627905339,Crossfit Concrete Jungle,40.808122,-73.930234,Gym / Fitness Center
270,Manhattan,Morningside Heights,40.80799973816586,-73.96389627905339,Crossfit GIANT,40.805410752831214,-73.99173627158532,Gymnastics Gym
271,Manhattan,Gramercy,40.737209832715045,-73.98137594833548,CrossFit Solace,40.74617150115289,-73.9831643795631,Gym / Fitness Center
272,Manhattan,Gramercy,40.737209832715045,-73.98137594833548,CrossFit Union Square,40.73531390186451,-73.99186057541448,Gym / Fitness Center
273,Manhattan,Gramercy,40.737209832715045,-73.98137594833548,CrossFit NYC,40.74589871935009,-73.99009029202607,Gym / Fitness Center
274,Manhattan,Gramercy,40.737209832715045,-73.98137594833548,Brick New York,40.74150688612044,-74.0005285681433,Gym / Fitness Center
275,Manhattan,Gramercy,40.737209832715045,-73.98137594833548,CrossFit East River,40.7254434939673,-73.97846140631547,Gym / Fitness Center
276,Manhattan,Gramercy,40.737209832715045,-73.98137594833548,True North Training,40.71687709749549,-73.96593519191094,Gym
277,Manhattan,Gramercy,40.737209832715045,-73.98137594833548,NEO FIFTH,40.750530813681124,-73.98329206512332,Gym
278,Manhattan,Gramercy,40.737209832715045,-73.98137594833548,"iLoveKickboxing - Chelsea, NY",40.74634,-73.9929,Gym
279,Manhattan,Gramercy,40.737209832715045,-73.98137594833548,CrossFit Gantry,40.74612457212019,-73.9522352960643,Gym / Fitness Center
280,Manhattan,Gramercy,40.737209832715045,-73.98137594833548,Crossfit Greenpoint,40.73611274835637,-73.9519963753644,Gym / Fitness Center
281,Manhattan,Gramercy,40.737209832715045,-73.98137594833548,Bowery CrossFit,40.71781226812158,-73.99262371362899,Gym
282,Manhattan,Gramercy,40.737209832715045,-73.98137594833548,Crossfit Hell's Kitchen,40.75385542742043,-73.99338177687183,Gym
283,Manhattan,Gramercy,40.737209832715045,-73.98137594833548,Reebok FitHub,40.75075696,-73.98324847,Shoe Store
284,Manhattan,Gramercy,40.737209832715045,-73.98137594833548,Mid-City Gym & Tanning,40.75810868499696,-73.9917226956553,Gym
285,Manhattan,Gramercy,40.737209832715045,-73.98137594833548,Reebok FitHub,40.73542,-73.99173,Shoe Store
286,Manhattan,Gramercy,40.737209832715045,-73.98137594833548,Dig Inn,40.737378630570696,-73.99113558901335,New American Restaurant
287,Manhattan,Battery Park City,40.71193198394569,-74.01686930508625,Crossfit Wall Street,40.70554386423745,-74.01213909064103,Gym
288,Manhattan,Battery Park City,40.71193198394569,-74.01686930508625,CrossFit 212 TriBeCa,40.714537431170484,-74.00599852611592,Gym
289,Manhattan,Battery Park City,40.71193198394569,-74.01686930508625,Bowery CrossFit,40.71781226812158,-73.99262371362899,Gym
290,Manhattan,Battery Park City,40.71193198394569,-74.01686930508625,Just Train,40.70947002162219,-74.00983963357307,Gym
291,Manhattan,Battery Park City,40.71193198394569,-74.01686930508625,CrossFit Jersey City,40.71952448445311,-74.0438343566733,Gym
292,Manhattan,Battery Park City,40.71193198394569,-74.01686930508625,Crossfit 212,40.71805284050912,-74.00475220100614,Gym / Fitness Center
293,Manhattan,Battery Park City,40.71193198394569,-74.01686930508625,CrossFit Dumbo,40.70355587265485,-73.98779136884086,Gym
294,Manhattan,Battery Park City,40.71193198394569,-74.01686930508625,Crossfit 212 NoHo,40.727048902963354,-73.99511692734373,Gym
295,Manhattan,Battery Park City,40.71193198394569,-74.01686930508625,CrossFit Wall Street,40.70974343802443,-74.0065837982249,Gym / Fitness Center
296,Manhattan,Battery Park City,40.71193198394569,-74.01686930508625,Oculus Crossfit,40.70977302010993,-74.0065501436561,Gym / Fitness Center
297,Manhattan,Battery Park City,40.71193198394569,-74.01686930508625,CrossFit 212 FiDi,40.70370900153129,-74.01152898481944,Gym / Fitness Center
298,Manhattan,Battery Park City,40.71193198394569,-74.01686930508625,150 Bay Crossfit,40.72122093221981,-74.03982170588807,Gym / Fitness Center
299,Manhattan,Financial District,40.70710710727052,-74.01066544521277,Crossfit Wall Street,40.70554386423745,-74.01213909064103,Gym
300,Manhattan,Financial District,40.70710710727052,-74.01066544521277,CrossFit 212 TriBeCa,40.714537431170484,-74.00599852611592,Gym
301,Manhattan,Financial District,40.70710710727052,-74.01066544521277,Bowery CrossFit,40.71781226812158,-73.99262371362899,Gym
302,Manhattan,Financial District,40.70710710727052,-74.01066544521277,Just Train,40.70947002162219,-74.00983963357307,Gym
303,Manhattan,Financial District,40.70710710727052,-74.01066544521277,CrossFit Dumbo,40.70355587265485,-73.98779136884086,Gym
304,Manhattan,Financial District,40.70710710727052,-74.01066544521277,Crossfit 212,40.71805284050912,-74.00475220100614,Gym / Fitness Center
305,Manhattan,Financial District,40.70710710727052,-74.01066544521277,CrossFit Red Hook,40.68119660398171,-74.00834022022252,Gym / Fitness Center
306,Manhattan,Financial District,40.70710710727052,-74.01066544521277,Crossfit 212 NoHo,40.727048902963354,-73.99511692734373,Gym
307,Manhattan,Financial District,40.70710710727052,-74.01066544521277,CrossFit 212 FiDi,40.70370900153129,-74.01152898481944,Gym / Fitness Center
308,Manhattan,Financial District,40.70710710727052,-74.01066544521277,CrossFit Wall Street,40.70974343802443,-74.0065837982249,Gym / Fitness Center
309,Manhattan,Financial District,40.70710710727052,-74.01066544521277,Oculus Crossfit,40.70977302010993,-74.0065501436561,Gym / Fitness Center
310,Manhattan,Financial District,40.70710710727052,-74.01066544521277,150 Bay Crossfit,40.72122093221981,-74.03982170588807,Gym / Fitness Center
311,Manhattan,Carnegie Hill,40.78268256712574,-73.95325646837121,Crossfit Metropolis,40.78820597637237,-73.94869510882322,Gym
312,Manhattan,Carnegie Hill,40.78268256712574,-73.95325646837121,Crossfit Concrete Jungle,40.782758706068456,-73.94729157655303,Gym
313,Manhattan,Carnegie Hill,40.78268256712574,-73.95325646837121,Equinox Columbus Circle,40.76874192651226,-73.98214593908337,Gym
314,Manhattan,Carnegie Hill,40.78268256712574,-73.95325646837121,Crossfit NYC - Upper West Side,40.77441561462417,-73.98109653863574,Gym
315,Manhattan,Carnegie Hill,40.78268256712574,-73.95325646837121,UWS CrossFit,40.77898642336577,-73.98508910271165,Athletics & Sports
316,Manhattan,Noho,40.72325901885772,-73.98843368023604,CrossFit Union Square,40.73531390186451,-73.99186057541448,Gym / Fitness Center
317,Manhattan,Noho,40.72325901885772,-73.98843368023604,CrossFit East River,40.7254434939673,-73.97846140631547,Gym / Fitness Center
318,Manhattan,Noho,40.72325901885772,-73.98843368023604,Bowery CrossFit,40.71781226812158,-73.99262371362899,Gym
319,Manhattan,Noho,40.72325901885772,-73.98843368023604,True North Training,40.71687709749549,-73.96593519191094,Gym
320,Manhattan,Noho,40.72325901885772,-73.98843368023604,Brick New York,40.74150688612044,-74.0005285681433,Gym / Fitness Center
321,Manhattan,Noho,40.72325901885772,-73.98843368023604,CrossFit Solace,40.74617150115289,-73.9831643795631,Gym / Fitness Center
322,Manhattan,Noho,40.72325901885772,-73.98843368023604,CrossFit NYC,40.74589871935009,-73.99009029202607,Gym / Fitness Center
323,Manhattan,Noho,40.72325901885772,-73.98843368023604,"iLoveKickboxing - Chelsea, NY",40.74634,-73.9929,Gym
324,Manhattan,Noho,40.72325901885772,-73.98843368023604,Just Train,40.70947002162219,-74.00983963357307,Gym
325,Manhattan,Noho,40.72325901885772,-73.98843368023604,Reebok FitHub,40.73542,-73.99173,Shoe Store
326,Manhattan,Noho,40.72325901885772,-73.98843368023604,Dig Inn,40.737378630570696,-73.99113558901335,New American Restaurant
327,Manhattan,Civic Center,40.715228920462856,-74.00541529873362,CrossFit 212 TriBeCa,40.714537431170484,-74.00599852611592,Gym
328,Manhattan,Civic Center,40.715228920462856,-74.00541529873362,Bowery CrossFit,40.71781226812158,-73.99262371362899,Gym
329,Manhattan,Civic Center,40.715228920462856,-74.00541529873362,CrossFit Union Square,40.73531390186451,-73.99186057541448,Gym / Fitness Center
330,Manhattan,Civic Center,40.715228920462856,-74.00541529873362,Brick New York,40.74150688612044,-74.0005285681433,Gym / Fitness Center
331,Manhattan,Civic Center,40.715228920462856,-74.00541529873362,Crossfit 212,40.71805284050912,-74.00475220100614,Gym / Fitness Center
332,Manhattan,Civic Center,40.715228920462856,-74.00541529873362,Crossfit Wall Street,40.70554386423745,-74.01213909064103,Gym
333,Manhattan,Civic Center,40.715228920462856,-74.00541529873362,CrossFit East River,40.7254434939673,-73.97846140631547,Gym / Fitness Center
334,Manhattan,Civic Center,40.715228920462856,-74.00541529873362,CrossFit Dumbo,40.70355587265485,-73.98779136884086,Gym
335,Manhattan,Civic Center,40.715228920462856,-74.00541529873362,Just Train,40.70947002162219,-74.00983963357307,Gym
336,Manhattan,Civic Center,40.715228920462856,-74.00541529873362,Crossfit 212 NoHo,40.727048902963354,-73.99511692734373,Gym
337,Manhattan,Civic Center,40.715228920462856,-74.00541529873362,Reebok FitHub,40.73542,-73.99173,Shoe Store
338,Manhattan,Civic Center,40.715228920462856,-74.00541529873362,Oculus Crossfit,40.70977302010993,-74.0065501436561,Gym / Fitness Center
339,Manhattan,Civic Center,40.715228920462856,-74.00541529873362,CrossFit Wall Street,40.70974343802443,-74.0065837982249,Gym / Fitness Center
340,Manhattan,Civic Center,40.715228920462856,-74.00541529873362,CrossFit 212 FiDi,40.70370900153129,-74.01152898481944,Gym / Fitness Center
341,Manhattan,Civic Center,40.715228920462856,-74.00541529873362,Dig Inn,40.737378630570696,-73.99113558901335,New American Restaurant
342,Manhattan,Civic Center,40.715228920462856,-74.00541529873362,150 Bay Crossfit,40.72122093221981,-74.03982170588807,Gym / Fitness Center
343,Manhattan,Civic Center,40.715228920462856,-74.00541529873362,Crossfit USQ,40.739058209686924,-73.99303183011946,Gym
344,Manhattan,Civic Center,40.715228920462856,-74.00541529873362,Infighting Shape CrossFit,40.739764941796956,-73.99270471561262,Athletics & Sports
345,Manhattan,Midtown South,40.748509664312245,-73.98871313285254,CrossFit NYC,40.74589871935009,-73.99009029202607,Gym / Fitness Center
346,Manhattan,Midtown South,40.748509664312245,-73.98871313285254,CrossFit Solace,40.74617150115289,-73.9831643795631,Gym / Fitness Center
347,Manhattan,Midtown South,40.748509664312245,-73.98871313285254,Brick New York,40.74150688612044,-74.0005285681433,Gym / Fitness Center
348,Manhattan,Midtown South,40.748509664312245,-73.98871313285254,CrossFit Union Square,40.73531390186451,-73.99186057541448,Gym / Fitness Center
349,Manhattan,Midtown South,40.748509664312245,-73.98871313285254,NEO FIFTH,40.750530813681124,-73.98329206512332,Gym
350,Manhattan,Midtown South,40.748509664312245,-73.98871313285254,"iLoveKickboxing - Chelsea, NY",40.74634,-73.9929,Gym
351,Manhattan,Midtown South,40.748509664312245,-73.98871313285254,Crossfit Hell's Kitchen,40.75385542742043,-73.99338177687183,Gym
352,Manhattan,Midtown South,40.748509664312245,-73.98871313285254,Reebok FitHub,40.75075696,-73.98324847,Shoe Store
353,Manhattan,Midtown South,40.748509664312245,-73.98871313285254,Mercedes Club,40.76759458807264,-73.99207002674365,Gym / Fitness Center
354,Manhattan,Midtown South,40.748509664312245,-73.98871313285254,CrossFit East River,40.7254434939673,-73.97846140631547,Gym / Fitness Center
355,Manhattan,Midtown South,40.748509664312245,-73.98871313285254,Equinox Columbus Circle,40.76874192651226,-73.98214593908337,Gym
356,Manhattan,Midtown South,40.748509664312245,-73.98871313285254,Mid-City Gym & Tanning,40.75810868499696,-73.9917226956553,Gym
357,Manhattan,Midtown South,40.748509664312245,-73.98871313285254,EVF Columbus Circle,40.77150979949672,-73.98973676700084,Recreation Center
358,Manhattan,Midtown South,40.748509664312245,-73.98871313285254,Reebok FitHub,40.73542,-73.99173,Shoe Store
359,Manhattan,Midtown South,40.748509664312245,-73.98871313285254,Dig Inn,40.737378630570696,-73.99113558901335,New American Restaurant
360,Manhattan,Sutton Place,40.76028033131378,-73.9635561409431,CrossFit Solace,40.74617150115289,-73.9831643795631,Gym / Fitness Center
361,Manhattan,Sutton Place,40.76028033131378,-73.9635561409431,CrossFit Gantry,40.74612457212019,-73.9522352960643,Gym / Fitness Center
362,Manhattan,Sutton Place,40.76028033131378,-73.9635561409431,CrossFit NYC,40.74589871935009,-73.99009029202607,Gym / Fitness Center
363,Manhattan,Sutton Place,40.76028033131378,-73.9635561409431,CrossFit LIC - Noskov Fitness,40.74979439698375,-73.94735552127253,Gym
364,Manhattan,Sutton Place,40.76028033131378,-73.9635561409431,NEO FIFTH,40.750530813681124,-73.98329206512332,Gym
365,Manhattan,Sutton Place,40.76028033131378,-73.9635561409431,Equinox Columbus Circle,40.76874192651226,-73.98214593908337,Gym
366,Manhattan,Sutton Place,40.76028033131378,-73.9635561409431,Mercedes Club,40.76759458807264,-73.99207002674365,Gym / Fitness Center
367,Manhattan,Sutton Place,40.76028033131378,-73.9635561409431,Crossfit Greenpoint,40.73611274835637,-73.9519963753644,Gym / Fitness Center
368,Manhattan,Sutton Place,40.76028033131378,-73.9635561409431,Reebok FitHub,40.75075696,-73.98324847,Shoe Store
369,Manhattan,Sutton Place,40.76028033131378,-73.9635561409431,Crossfit Hell's Kitchen,40.75385542742043,-73.99338177687183,Gym
370,Manhattan,Sutton Place,40.76028033131378,-73.9635561409431,"iLoveKickboxing - Chelsea, NY",40.74634,-73.9929,Gym
371,Manhattan,Sutton Place,40.76028033131378,-73.9635561409431,EVF Columbus Circle,40.77150979949672,-73.98973676700084,Recreation Center
372,Manhattan,Sutton Place,40.76028033131378,-73.9635561409431,Crossfit Concrete Jungle,40.782758706068456,-73.94729157655303,Gym
373,Manhattan,Sutton Place,40.76028033131378,-73.9635561409431,Mid-City Gym & Tanning,40.75810868499696,-73.9917226956553,Gym
374,Manhattan,Turtle Bay,40.75204236950726,-73.96770824581843,CrossFit Solace,40.74617150115289,-73.9831643795631,Gym / Fitness Center
375,Manhattan,Turtle Bay,40.75204236950726,-73.96770824581843,CrossFit Gantry,40.74612457212019,-73.9522352960643,Gym / Fitness Center
376,Manhattan,Turtle Bay,40.75204236950726,-73.96770824581843,CrossFit NYC,40.74589871935009,-73.99009029202607,Gym / Fitness Center
377,Manhattan,Turtle Bay,40.75204236950726,-73.96770824581843,NEO FIFTH,40.750530813681124,-73.98329206512332,Gym
378,Manhattan,Turtle Bay,40.75204236950726,-73.96770824581843,CrossFit Union Square,40.73531390186451,-73.99186057541448,Gym / Fitness Center
379,Manhattan,Turtle Bay,40.75204236950726,-73.96770824581843,CrossFit LIC - Noskov Fitness,40.74979439698375,-73.94735552127253,Gym
380,Manhattan,Turtle Bay,40.75204236950726,-73.96770824581843,Crossfit Greenpoint,40.73611274835637,-73.9519963753644,Gym / Fitness Center
381,Manhattan,Turtle Bay,40.75204236950726,-73.96770824581843,Reebok FitHub,40.75075696,-73.98324847,Shoe Store
382,Manhattan,Turtle Bay,40.75204236950726,-73.96770824581843,"iLoveKickboxing - Chelsea, NY",40.74634,-73.9929,Gym
383,Manhattan,Turtle Bay,40.75204236950726,-73.96770824581843,Equinox Columbus Circle,40.76874192651226,-73.98214593908337,Gym
384,Manhattan,Turtle Bay,40.75204236950726,-73.96770824581843,Crossfit Hell's Kitchen,40.75385542742043,-73.99338177687183,Gym
385,Manhattan,Turtle Bay,40.75204236950726,-73.96770824581843,Mercedes Club,40.76759458807264,-73.99207002674365,Gym / Fitness Center
386,Manhattan,Turtle Bay,40.75204236950726,-73.96770824581843,EVF Columbus Circle,40.77150979949672,-73.98973676700084,Recreation Center
387,Manhattan,Turtle Bay,40.75204236950726,-73.96770824581843,Mid-City Gym & Tanning,40.75810868499696,-73.9917226956553,Gym
388,Manhattan,Turtle Bay,40.75204236950726,-73.96770824581843,Reebok FitHub,40.73542,-73.99173,Shoe Store
389,Manhattan,Turtle Bay,40.75204236950726,-73.96770824581843,Dig Inn,40.737378630570696,-73.99113558901335,New American Restaurant
390,Manhattan,Tudor City,40.74691741074023,-73.97121928722272,CrossFit Solace,40.74617150115289,-73.9831643795631,Gym / Fitness Center
391,Manhattan,Tudor City,40.74691741074023,-73.97121928722272,CrossFit NYC,40.74589871935009,-73.99009029202607,Gym / Fitness Center
392,Manhattan,Tudor City,40.74691741074023,-73.97121928722272,CrossFit Gantry,40.74612457212019,-73.9522352960643,Gym / Fitness Center
393,Manhattan,Tudor City,40.74691741074023,-73.97121928722272,NEO FIFTH,40.750530813681124,-73.98329206512332,Gym
394,Manhattan,Tudor City,40.74691741074023,-73.97121928722272,CrossFit Union Square,40.73531390186451,-73.99186057541448,Gym / Fitness Center
395,Manhattan,Tudor City,40.74691741074023,-73.97121928722272,Brick New York,40.74150688612044,-74.0005285681433,Gym / Fitness Center
396,Manhattan,Tudor City,40.74691741074023,-73.97121928722272,Crossfit Greenpoint,40.73611274835637,-73.9519963753644,Gym / Fitness Center
397,Manhattan,Tudor City,40.74691741074023,-73.97121928722272,CrossFit LIC - Noskov Fitness,40.74979439698375,-73.94735552127253,Gym
398,Manhattan,Tudor City,40.74691741074023,-73.97121928722272,"iLoveKickboxing - Chelsea, NY",40.74634,-73.9929,Gym
399,Manhattan,Tudor City,40.74691741074023,-73.97121928722272,Reebok FitHub,40.75075696,-73.98324847,Shoe Store
400,Manhattan,Tudor City,40.74691741074023,-73.97121928722272,CrossFit East River,40.7254434939673,-73.97846140631547,Gym / Fitness Center
401,Manhattan,Tudor City,40.74691741074023,-73.97121928722272,Crossfit Hell's Kitchen,40.75385542742043,-73.99338177687183,Gym
402,Manhattan,Tudor City,40.74691741074023,-73.97121928722272,Equinox Columbus Circle,40.76874192651226,-73.98214593908337,Gym
403,Manhattan,Tudor City,40.74691741074023,-73.97121928722272,Mercedes Club,40.76759458807264,-73.99207002674365,Gym / Fitness Center
404,Manhattan,Tudor City,40.74691741074023,-73.97121928722272,Mid-City Gym & Tanning,40.75810868499696,-73.9917226956553,Gym
405,Manhattan,Tudor City,40.74691741074023,-73.97121928722272,Reebok FitHub,40.73542,-73.99173,Shoe Store
406,Manhattan,Tudor City,40.74691741074023,-73.97121928722272,Dig Inn,40.737378630570696,-73.99113558901335,New American Restaurant
407,Manhattan,Stuyvesant Town,40.73099955477065,-73.9740517046921,CrossFit Solace,40.74617150115289,-73.9831643795631,Gym / Fitness Center
408,Manhattan,Stuyvesant Town,40.73099955477065,-73.9740517046921,CrossFit East River,40.7254434939673,-73.97846140631547,Gym / Fitness Center
409,Manhattan,Stuyvesant Town,40.73099955477065,-73.9740517046921,CrossFit Union Square,40.73531390186451,-73.99186057541448,Gym / Fitness Center
410,Manhattan,Stuyvesant Town,40.73099955477065,-73.9740517046921,True North Training,40.71687709749549,-73.96593519191094,Gym
411,Manhattan,Stuyvesant Town,40.73099955477065,-73.9740517046921,CrossFit NYC,40.74589871935009,-73.99009029202607,Gym / Fitness Center
412,Manhattan,Stuyvesant Town,40.73099955477065,-73.9740517046921,Brick New York,40.74150688612044,-74.0005285681433,Gym / Fitness Center
413,Manhattan,Stuyvesant Town,40.73099955477065,-73.9740517046921,CrossFit Gantry,40.74612457212019,-73.9522352960643,Gym / Fitness Center
414,Manhattan,Stuyvesant Town,40.73099955477065,-73.9740517046921,Crossfit Greenpoint,40.73611274835637,-73.9519963753644,Gym / Fitness Center
415,Manhattan,Stuyvesant Town,40.73099955477065,-73.9740517046921,Bowery CrossFit,40.71781226812158,-73.99262371362899,Gym
416,Manhattan,Stuyvesant Town,40.73099955477065,-73.9740517046921,NEO FIFTH,40.750530813681124,-73.98329206512332,Gym
417,Manhattan,Stuyvesant Town,40.73099955477065,-73.9740517046921,"iLoveKickboxing - Chelsea, NY",40.74634,-73.9929,Gym
418,Manhattan,Stuyvesant Town,40.73099955477065,-73.9740517046921,Reebok FitHub,40.75075696,-73.98324847,Shoe Store
419,Manhattan,Stuyvesant Town,40.73099955477065,-73.9740517046921,Reebok FitHub,40.73542,-73.99173,Shoe Store
420,Manhattan,Stuyvesant Town,40.73099955477065,-73.9740517046921,Dig Inn,40.737378630570696,-73.99113558901335,New American Restaurant
421,Manhattan,Flatiron,40.73967304763847,-73.99094710528267,CrossFit NYC,40.74589871935009,-73.99009029202607,Gym / Fitness Center
422,Manhattan,Flatiron,40.73967304763847,-73.99094710528267,CrossFit Union Square,40.73531390186451,-73.99186057541448,Gym / Fitness Center
423,Manhattan,Flatiron,40.73967304763847,-73.99094710528267,CrossFit Solace,40.74617150115289,-73.9831643795631,Gym / Fitness Center
424,Manhattan,Flatiron,40.73967304763847,-73.99094710528267,Brick New York,40.74150688612044,-74.0005285681433,Gym / Fitness Center
425,Manhattan,Flatiron,40.73967304763847,-73.99094710528267,"iLoveKickboxing - Chelsea, NY",40.74634,-73.9929,Gym
426,Manhattan,Flatiron,40.73967304763847,-73.99094710528267,NEO FIFTH,40.750530813681124,-73.98329206512332,Gym
427,Manhattan,Flatiron,40.73967304763847,-73.99094710528267,CrossFit East River,40.7254434939673,-73.97846140631547,Gym / Fitness Center
428,Manhattan,Flatiron,40.73967304763847,-73.99094710528267,Crossfit Hell's Kitchen,40.75385542742043,-73.99338177687183,Gym
429,Manhattan,Flatiron,40.73967304763847,-73.99094710528267,Reebok FitHub,40.75075696,-73.98324847,Shoe Store
430,Manhattan,Flatiron,40.73967304763847,-73.99094710528267,Bowery CrossFit,40.71781226812158,-73.99262371362899,Gym
431,Manhattan,Flatiron,40.73967304763847,-73.99094710528267,Mid-City Gym & Tanning,40.75810868499696,-73.9917226956553,Gym
432,Manhattan,Flatiron,40.73967304763847,-73.99094710528267,Reebok FitHub,40.73542,-73.99173,Shoe Store
433,Manhattan,Flatiron,40.73967304763847,-73.99094710528267,Dig Inn,40.737378630570696,-73.99113558901335,New American Restaurant
